r1,r2,r3,r4
node,channel_alteration,human_activity,start
node,water_withdrawals,human_activity,start
node,aquaculture_and_hatcheries,human_activity,start
node,agriculture,human_activity,start
node,urbanization,human_activity,start
node,industry,human_activity,start
node,buried_and_piped_streams,source,
node,channelized_and_armored_streams,source,
node,impoundments,source,
node,CAFOs,source,
node,livestock_pastures,source,
node,cropfields,source,
node,golf_courses,source,
node,lawns,source,
node,impervious_surfaces,source,
node,sewer_lines,source,
node,septic_systems,source,
node,residential_municipal_and_commercial_facilities,source,
node,CSOs,source,
node,wastewater_treatment_plants,source,
node,vehicles,source,
node,food_processing_plants,source,
node,pharmaceutical_plants,source,
node,coal_fired_power_plants,source,
node,other_industrial_facilities,source,
node,applied_fertilizers,source,
node,landfills,source,
node,animal_wastes,source,
node,atmospheric_emissions_transport_and_deposition,source,
node,direct_effluent_discharges,source,
node,stormwater_runoff,source,
node,leakage_leachate_and_groundwater_transport,source,
node,decreased_riparian_and_watershed_vegetation,additional_step_in_causal_pathway,
node,increased_crowding_of_stream_biota,additional_step_in_causal_pathway,
node,decreased_channel_complexity,additional_step_in_causal_pathway,
node,decreased_ammonia_volatilization,additional_step_in_causal_pathway,
node,decreased_turbulence,additional_step_in_causal_pathway,
node,decreased_nitrogen_uptake,additional_step_in_causal_pathway,
node,increased_ammonia_inputs,additional_step_in_causal_pathway,
node,increased_ammonia_in_water,proximate_stressor,
node,increased_ammonia_in_sediment,proximate_stressor,
node,increased_ionized_ammonia,proximate_stressor,
node,increased_unionized_ammonia,proximate_stressor,
node,increased_ammonia_fluctuation,proximate_stressor,
node,nitrogen_cycle,modifying_factor,
node,decreased_discharge_and_water_velocity,interacting_stressor,
node,decreased_woody_debris,interacting_stressor,
node,increased_nutrients,interacting_stressor,
node,decreased_dissolved_oxygen,interacting_stressor,
node,change_in_pH,interacting_stressor,
node,increased_ionic_strength,interacting_stressor,
node,increased_temperature,interacting_stressor,
node,increased_other_stressors,interacting_stressor,
node,increased_BOD,mode_of_action,
node,increased_tolerance,mode_of_action,
node,increased_toxicity,mode_of_action,
node,decreased_N_excretion,mode_of_action,
node,increased_diffusion_across_gill_membrane,mode_of_action,
node,increased_ammonia_in_organism,mode_of_action,
node,decreased_nervous_system_function,mode_of_action,
node,decreased_respiratory_function,mode_of_action,
node,decreased_immune_function,mode_of_action,
node,decreased_osmoregulatory_function,mode_of_action,
node,decreased_ATP_production,mode_of_action,
node,increased_acidosis,mode_of_action,
node,decreased_internal_Na,mode_of_action,
node,decreased_oxygen_binding_to_hemoglobin,mode_of_action,
node,increased_asphyxiation,mode_of_action,
node,decreased_condition,response,
node,decreased_growth,response,
node,change_in_behavior,response,
node,increased_susceptibility_to_other_stressors,response,
node,increased_gill_lamellae,response,
node,increased_blood_vessel_lesions,response,
node,increased_gill_damage,response,
node,increased_fin_erosion,response,
node,increased_other_symptoms,response,
node,increased_organ_damage,response,
node,increased_mucous_secretion,response,
node,increased_hyperventilation,response,
node,increased_hyperexcitability,response,
node,increased_convulsions,response,
node,increased_coma,response,
node,change_in_other_behaviors,response,
node,increased_mortality,response,
node,decreased_reproductive_success,response,
node,decreased_unionid_mussels,response,end
node,decreased_Nitrosomonas_and_Nitrobacter,response,end
node,decreased_fish,response,end
node,decreased_other_sensitive_taxa,response,end
node,decreased_sensitive_life_stages,response,end
node,decreased_richness_or_diversity,response,end
node,increased_tolerant_taxa,response,end
node,increased_tolerant_life_stages,response,end
node,change_in_population_and_community_structure,response,
node,change_in_other_characteristics,response,end
node,change_in_ecosystem_processes,response,end
edge,channel_alteration,buried_and_piped_streams,
edge,channel_alteration,impoundments,
edge,channel_alteration,channelized_and_armored_streams,
edge,buried_and_piped_streams,decreased_channel_complexity,
edge,channelized_and_armored_streams,decreased_channel_complexity,
edge,impoundments,decreased_discharge_and_water_velocity,
edge,water_withdrawals,decreased_discharge_and_water_velocity,
edge,decreased_discharge_and_water_velocity,increased_crowding_of_stream_biota,
edge,decreased_discharge_and_water_velocity,decreased_ammonia_volatilization,
edge,decreased_channel_complexity,decreased_nitrogen_uptake,
edge,increased_crowding_of_stream_biota,animal_wastes,
edge,aquaculture_and_hatcheries,animal_wastes,
edge,animal_wastes,atmospheric_emissions_transport_and_deposition,
edge,agriculture,CAFOs,
edge,agriculture,livestock_pastures,
edge,agriculture,cropfields,
edge,CAFOs,animal_wastes,
edge,CAFOs,decreased_riparian_and_watershed_vegetation,
edge,livestock_pastures,animal_wastes,
edge,livestock_pastures,decreased_riparian_and_watershed_vegetation,
edge,cropfields,decreased_riparian_and_watershed_vegetation,
edge,cropfields,applied_fertilizers,
edge,urbanization,golf_courses,
edge,urbanization,lawns,
edge,urbanization,impervious_surfaces,
edge,urbanization,sewer_lines,
edge,urbanization,septic_systems,
edge,urbanization,residential_municipal_and_commercial_facilities,
edge,urbanization,CSOs,
edge,urbanization,wastewater_treatment_plants,
edge,urbanization,vehicles,
edge,golf_courses,decreased_riparian_and_watershed_vegetation,
edge,golf_courses,applied_fertilizers,
edge,lawns,decreased_riparian_and_watershed_vegetation,
edge,lawns,applied_fertilizers,
edge,impervious_surfaces,decreased_riparian_and_watershed_vegetation,
edge,impervious_surfaces,stormwater_runoff,
edge,sewer_lines,landfills,
edge,sewer_lines,leakage_leachate_and_groundwater_transport,
edge,septic_systems,landfills,
edge,septic_systems,leakage_leachate_and_groundwater_transport,
edge,residential_municipal_and_commercial_facilities,landfills,
edge,CSOs,stormwater_runoff,
edge,CSOs,direct_effluent_discharges,
edge,wastewater_treatment_plants,stormwater_runoff,
edge,wastewater_treatment_plants,direct_effluent_discharges,
edge,vehicles,atmospheric_emissions_transport_and_deposition,
edge,decreased_riparian_and_watershed_vegetation,decreased_woody_debris,
edge,decreased_riparian_and_watershed_vegetation,decreased_nitrogen_uptake,
edge,applied_fertilizers,stormwater_runoff,
edge,landfills,leakage_leachate_and_groundwater_transport,
edge,atmospheric_emissions_transport_and_deposition,stormwater_runoff,
edge,atmospheric_emissions_transport_and_deposition,increased_ammonia_inputs,
edge,decreased_woody_debris,decreased_turbulence,
edge,decreased_woody_debris,decreased_channel_complexity,
edge,decreased_turbulence,decreased_ammonia_volatilization,
edge,stormwater_runoff,increased_ammonia_inputs,
edge,leakage_leachate_and_groundwater_transport,increased_ammonia_inputs,
edge,industry,food_processing_plants,
edge,industry,pharmaceutical_plants,
edge,food_processing_plants,atmospheric_emissions_transport_and_deposition,
edge,food_processing_plants,landfills,
edge,food_processing_plants,direct_effluent_discharges,
edge,pharmaceutical_plants,landfills,
edge,pharmaceutical_plants,direct_effluent_discharges,
edge,pharmaceutical_plants,atmospheric_emissions_transport_and_deposition,
edge,coal_fired_power_plants,direct_effluent_discharges,
edge,coal_fired_power_plants,atmospheric_emissions_transport_and_deposition,
edge,coal_fired_power_plants,landfills,
edge,other_industrial_facilities,direct_effluent_discharges,
edge,other_industrial_facilities,atmospheric_emissions_transport_and_deposition,
edge,other_industrial_facilities,landfills,
edge,direct_effluent_discharges,increased_ammonia_inputs,
edge,decreased_ammonia_volatilization,increased_ammonia_in_water,
edge,decreased_ammonia_volatilization,increased_ammonia_in_sediment,
edge,decreased_nitrogen_uptake,increased_ammonia_inputs,
edge,decreased_nitrogen_uptake,increased_ammonia_in_water,
edge,decreased_nitrogen_uptake,increased_ammonia_in_sediment,
edge,increased_ammonia_inputs,increased_ammonia_in_water,
edge,increased_ammonia_inputs,increased_ammonia_in_sediment,
edge,increased_ammonia_in_water,increased_ammonia_in_sediment,
edge,increased_ammonia_in_water,increased_ionized_ammonia,
edge,increased_ammonia_in_water,increased_unionized_ammonia,
edge,increased_ammonia_in_water,increased_nutrients,
edge,increased_ammonia_in_water,nitrogen_cycle,
edge,increased_ammonia_in_sediment,increased_ammonia_in_water,
edge,increased_ammonia_in_sediment,increased_ionized_ammonia,
edge,increased_ammonia_in_sediment,increased_unionized_ammonia,
edge,increased_ammonia_in_sediment,increased_nutrients,
edge,increased_ammonia_in_sediment,nitrogen_cycle,
edge,nitrogen_cycle,increased_ammonia_in_water,
edge,nitrogen_cycle,increased_ammonia_in_sediment,
edge,nitrogen_cycle,increased_nutrients,
edge,increased_nutrients,nitrogen_cycle,
edge,increased_nutrients,increased_BOD,
edge,increased_BOD,decreased_dissolved_oxygen,
edge,decreased_dissolved_oxygen,nitrogen_cycle,
edge,increased_ionized_ammonia,increased_unionized_ammonia,
edge,increased_ionized_ammonia,increased_ammonia_fluctuation,
edge,increased_ionized_ammonia,decreased_N_excretion,
edge,increased_ionized_ammonia,increased_diffusion_across_gill_membrane,
edge,increased_unionized_ammonia,increased_ionized_ammonia,
edge,increased_unionized_ammonia,increased_ammonia_fluctuation,
edge,increased_unionized_ammonia,decreased_N_excretion,
edge,increased_unionized_ammonia,increased_diffusion_across_gill_membrane,
edge,change_in_pH,increased_ionized_ammonia,
edge,change_in_pH,increased_unionized_ammonia,
edge,increased_ammonia_fluctuation,decreased_N_excretion,
edge,increased_ammonia_fluctuation,increased_diffusion_across_gill_membrane,
edge,increased_tolerance,decreased_N_excretion,
edge,increased_tolerance,increased_diffusion_across_gill_membrane,
edge,increased_toxicity,decreased_N_excretion,
edge,increased_toxicity,increased_diffusion_across_gill_membrane,
edge,increased_ionic_strength,increased_tolerance,
edge,increased_temperature,increased_toxicity,
edge,decreased_N_excretion,increased_ammonia_in_organism,
edge,increased_diffusion_across_gill_membrane,increased_ammonia_in_organism,
edge,increased_ammonia_in_organism,decreased_immune_function,
edge,increased_ammonia_in_organism,increased_acidosis,
edge,increased_ammonia_in_organism,decreased_osmoregulatory_function,
edge,increased_ammonia_in_organism,decreased_nervous_system_function,
edge,increased_ammonia_in_organism,decreased_respiratory_function,
edge,increased_ammonia_in_organism,decreased_ATP_production,
edge,decreased_osmoregulatory_function,decreased_internal_Na,
edge,decreased_osmoregulatory_function,decreased_condition,
edge,decreased_osmoregulatory_function,decreased_growth,
edge,decreased_osmoregulatory_function,change_in_behavior,
edge,decreased_osmoregulatory_function,increased_susceptibility_to_other_stressors,
edge,decreased_immune_function,decreased_condition,
edge,decreased_immune_function,decreased_growth,
edge,decreased_immune_function,change_in_behavior,
edge,decreased_immune_function,increased_susceptibility_to_other_stressors,
edge,increased_acidosis,decreased_condition,
edge,increased_acidosis,decreased_growth,
edge,increased_acidosis,change_in_behavior,
edge,increased_acidosis,increased_susceptibility_to_other_stressors,
edge,decreased_internal_Na,decreased_condition,
edge,decreased_internal_Na,decreased_growth,
edge,decreased_internal_Na,change_in_behavior,
edge,decreased_internal_Na,increased_susceptibility_to_other_stressors,
edge,decreased_nervous_system_function,decreased_condition,
edge,decreased_nervous_system_function,decreased_growth,
edge,decreased_nervous_system_function,change_in_behavior,
edge,decreased_nervous_system_function,increased_susceptibility_to_other_stressors,
edge,decreased_oxygen_binding_to_hemoglobin,decreased_condition,
edge,decreased_oxygen_binding_to_hemoglobin,decreased_growth,
edge,decreased_oxygen_binding_to_hemoglobin,change_in_behavior,
edge,decreased_oxygen_binding_to_hemoglobin,increased_susceptibility_to_other_stressors,
edge,increased_asphyxiation,decreased_condition,
edge,increased_asphyxiation,decreased_growth,
edge,increased_asphyxiation,change_in_behavior,
edge,increased_asphyxiation,increased_susceptibility_to_other_stressors,
edge,decreased_ATP_production,decreased_condition,
edge,decreased_ATP_production,decreased_growth,
edge,decreased_ATP_production,change_in_behavior,
edge,decreased_ATP_production,increased_susceptibility_to_other_stressors,
edge,decreased_respiratory_function,decreased_oxygen_binding_to_hemoglobin,
edge,decreased_respiratory_function,increased_asphyxiation,
edge,decreased_respiratory_function,decreased_condition,
edge,decreased_respiratory_function,decreased_growth,
edge,decreased_respiratory_function,change_in_behavior,
edge,decreased_respiratory_function,increased_susceptibility_to_other_stressors,
edge,increased_other_stressors,increased_susceptibility_to_other_stressors,
edge,decreased_condition,increased_gill_lamellae,
edge,decreased_condition,increased_blood_vessel_lesions,
edge,decreased_condition,increased_gill_damage,
edge,decreased_condition,increased_fin_erosion,
edge,decreased_condition,increased_other_symptoms,
edge,decreased_condition,increased_organ_damage,
edge,decreased_condition,increased_mucous_secretion,
edge,change_in_behavior,increased_hyperventilation,
edge,change_in_behavior,increased_hyperexcitability,
edge,change_in_behavior,increased_convulsions,
edge,change_in_behavior,increased_coma,
edge,change_in_behavior,change_in_other_behaviors,
edge,increased_gill_lamellae,increased_mortality,
edge,increased_gill_lamellae,decreased_reproductive_success,
edge,increased_blood_vessel_lesions,increased_mortality,
edge,increased_blood_vessel_lesions,decreased_reproductive_success,
edge,increased_gill_damage,increased_mortality,
edge,increased_gill_damage,decreased_reproductive_success,
edge,increased_fin_erosion,increased_mortality,
edge,increased_fin_erosion,decreased_reproductive_success,
edge,increased_other_symptoms,increased_mortality,
edge,increased_other_symptoms,decreased_reproductive_success,
edge,increased_organ_damage,increased_mortality,
edge,increased_organ_damage,decreased_reproductive_success,
edge,increased_mucous_secretion,increased_mortality,
edge,increased_mucous_secretion,decreased_reproductive_success,
edge,decreased_growth,increased_mortality,
edge,decreased_growth,decreased_reproductive_success,
edge,increased_hyperventilation,increased_mortality,
edge,increased_hyperventilation,decreased_reproductive_success,
edge,increased_hyperexcitability,increased_mortality,
edge,increased_hyperexcitability,decreased_reproductive_success,
edge,increased_convulsions,increased_mortality,
edge,increased_convulsions,decreased_reproductive_success,
edge,increased_coma,increased_mortality,
edge,increased_coma,decreased_reproductive_success,
edge,change_in_other_behaviors,increased_mortality,
edge,change_in_other_behaviors,decreased_reproductive_success,
edge,increased_susceptibility_to_other_stressors,increased_mortality,
edge,increased_susceptibility_to_other_stressors,decreased_reproductive_success,
edge,increased_mortality,change_in_population_and_community_structure,
edge,decreased_reproductive_success,change_in_population_and_community_structure,
edge,change_in_population_and_community_structure,change_in_ecosystem_processes,
edge,change_in_population_and_community_structure,decreased_unionid_mussels,
edge,change_in_population_and_community_structure,decreased_Nitrosomonas_and_Nitrobacter,
edge,change_in_population_and_community_structure,decreased_fish,
edge,change_in_population_and_community_structure,decreased_other_sensitive_taxa,
edge,change_in_population_and_community_structure,decreased_sensitive_life_stages,
edge,change_in_population_and_community_structure,decreased_richness_or_diversity,
edge,change_in_population_and_community_structure,increased_tolerant_taxa,
edge,change_in_population_and_community_structure,increased_tolerant_life_stages,
edge,change_in_population_and_community_structure,change_in_other_characteristics,
